{
  "linear": {
    "rmse": 46.02103378206164,
    "mae": 32.970403376909,
    "r2": 0.7381437572146399
  },
  "ridge": {
    "rmse": 45.76493024146659,
    "mae": 33.34985727780475,
    "r2": 0.7410500679637643
  },
  "xgboost": {
    "rmse": 20.5831749440777,
    "mae": 15.684963715979269,
    "r2": 0.9476188628290879
  }
}